<?xml version="1.0" encoding="UTF-8"?>
<root>
  <item name="com.github.johnpersano.supertoasts.library.utils.AnimationUtils int getSystemAnimationsResource(int) 0">
    <annotation name="android.support.annotation.IntDef">
      <val name="value" val="{com.github.johnpersano.supertoasts.library.Style.ANIMATIONS_FADE, com.github.johnpersano.supertoasts.library.Style.ANIMATIONS_FLY, com.github.johnpersano.supertoasts.library.Style.ANIMATIONS_SCALE, com.github.johnpersano.supertoasts.library.Style.ANIMATIONS_POP}" />
    </annotation>
  </item>
  <item name="com.github.johnpersano.supertoasts.library.utils.BackgroundUtils int getButtonBackgroundResource(int) 0">
    <annotation name="android.support.annotation.IntDef">
      <val name="value" val="{com.github.johnpersano.supertoasts.library.Style.FRAME_STANDARD, com.github.johnpersano.supertoasts.library.Style.FRAME_KITKAT, com.github.johnpersano.supertoasts.library.Style.FRAME_LOLLIPOP}" />
    </annotation>
  </item>
  <item name="com.github.johnpersano.supertoasts.library.utils.PaletteUtils int getSolidColor(java.lang.String) 0">
    <annotation name="android.support.annotation.StringDef">
      <val name="value" val="{com.github.johnpersano.supertoasts.library.utils.PaletteUtils.WHITE, com.github.johnpersano.supertoasts.library.utils.PaletteUtils.LIGHT_GREY, com.github.johnpersano.supertoasts.library.utils.PaletteUtils.GREY, com.github.johnpersano.supertoasts.library.utils.PaletteUtils.DARK_GREY, com.github.johnpersano.supertoasts.library.utils.PaletteUtils.BLACK, com.github.johnpersano.supertoasts.library.utils.PaletteUtils.MATERIAL_RED, com.github.johnpersano.supertoasts.library.utils.PaletteUtils.MATERIAL_PINK, com.github.johnpersano.supertoasts.library.utils.PaletteUtils.MATERIAL_PURPLE, com.github.johnpersano.supertoasts.library.utils.PaletteUtils.MATERIAL_DEEP_PURPLE, com.github.johnpersano.supertoasts.library.utils.PaletteUtils.MATERIAL_INDIGO, com.github.johnpersano.supertoasts.library.utils.PaletteUtils.MATERIAL_BLUE, com.github.johnpersano.supertoasts.library.utils.PaletteUtils.MATERIAL_LIGHT_BLUE, com.github.johnpersano.supertoasts.library.utils.PaletteUtils.MATERIAL_CYAN, com.github.johnpersano.supertoasts.library.utils.PaletteUtils.MATERIAL_TEAL, com.github.johnpersano.supertoasts.library.utils.PaletteUtils.MATERIAL_GREEN, com.github.johnpersano.supertoasts.library.utils.PaletteUtils.MATERIAL_LIGHT_GREEN, com.github.johnpersano.supertoasts.library.utils.PaletteUtils.MATERIAL_LIME, com.github.johnpersano.supertoasts.library.utils.PaletteUtils.MATERIAL_YELLOW, com.github.johnpersano.supertoasts.library.utils.PaletteUtils.MATERIAL_AMBER, com.github.johnpersano.supertoasts.library.utils.PaletteUtils.MATERIAL_ORANGE, com.github.johnpersano.supertoasts.library.utils.PaletteUtils.MATERIAL_DEEP_ORANGE, com.github.johnpersano.supertoasts.library.utils.PaletteUtils.MATERIAL_BROWN, com.github.johnpersano.supertoasts.library.utils.PaletteUtils.MATERIAL_GREY, com.github.johnpersano.supertoasts.library.utils.PaletteUtils.MATERIAL_BLUE_GREY}" />
    </annotation>
  </item>
  <item name="com.github.johnpersano.supertoasts.library.utils.PaletteUtils int getTransparentColor(java.lang.String) 0">
    <annotation name="android.support.annotation.StringDef">
      <val name="value" val="{com.github.johnpersano.supertoasts.library.utils.PaletteUtils.WHITE, com.github.johnpersano.supertoasts.library.utils.PaletteUtils.LIGHT_GREY, com.github.johnpersano.supertoasts.library.utils.PaletteUtils.GREY, com.github.johnpersano.supertoasts.library.utils.PaletteUtils.DARK_GREY, com.github.johnpersano.supertoasts.library.utils.PaletteUtils.BLACK, com.github.johnpersano.supertoasts.library.utils.PaletteUtils.MATERIAL_RED, com.github.johnpersano.supertoasts.library.utils.PaletteUtils.MATERIAL_PINK, com.github.johnpersano.supertoasts.library.utils.PaletteUtils.MATERIAL_PURPLE, com.github.johnpersano.supertoasts.library.utils.PaletteUtils.MATERIAL_DEEP_PURPLE, com.github.johnpersano.supertoasts.library.utils.PaletteUtils.MATERIAL_INDIGO, com.github.johnpersano.supertoasts.library.utils.PaletteUtils.MATERIAL_BLUE, com.github.johnpersano.supertoasts.library.utils.PaletteUtils.MATERIAL_LIGHT_BLUE, com.github.johnpersano.supertoasts.library.utils.PaletteUtils.MATERIAL_CYAN, com.github.johnpersano.supertoasts.library.utils.PaletteUtils.MATERIAL_TEAL, com.github.johnpersano.supertoasts.library.utils.PaletteUtils.MATERIAL_GREEN, com.github.johnpersano.supertoasts.library.utils.PaletteUtils.MATERIAL_LIGHT_GREEN, com.github.johnpersano.supertoasts.library.utils.PaletteUtils.MATERIAL_LIME, com.github.johnpersano.supertoasts.library.utils.PaletteUtils.MATERIAL_YELLOW, com.github.johnpersano.supertoasts.library.utils.PaletteUtils.MATERIAL_AMBER, com.github.johnpersano.supertoasts.library.utils.PaletteUtils.MATERIAL_ORANGE, com.github.johnpersano.supertoasts.library.utils.PaletteUtils.MATERIAL_DEEP_ORANGE, com.github.johnpersano.supertoasts.library.utils.PaletteUtils.MATERIAL_BROWN, com.github.johnpersano.supertoasts.library.utils.PaletteUtils.MATERIAL_GREY, com.github.johnpersano.supertoasts.library.utils.PaletteUtils.MATERIAL_BLUE_GREY}" />
    </annotation>
  </item>
</root>

