<?xml version="1.0" encoding="UTF-8"?>
<root>
  <item name="com.github.johnpersano.supertoasts.library.SuperActivityToast SuperActivityToast(android.content.Context, com.github.johnpersano.supertoasts.library.Style, int) 2">
    <annotation name="android.support.annotation.IntDef">
      <val name="value" val="{com.github.johnpersano.supertoasts.library.Style.TYPE_STANDARD, com.github.johnpersano.supertoasts.library.Style.TYPE_BUTTON, com.github.johnpersano.supertoasts.library.Style.TYPE_PROGRESS_CIRCLE, com.github.johnpersano.supertoasts.library.Style.TYPE_PROGRESS_BAR}" />
    </annotation>
  </item>
  <item name="com.github.johnpersano.supertoasts.library.SuperActivityToast SuperActivityToast(android.content.Context, com.github.johnpersano.supertoasts.library.Style, int, int) 2">
    <annotation name="android.support.annotation.IntDef">
      <val name="value" val="{com.github.johnpersano.supertoasts.library.Style.TYPE_STANDARD, com.github.johnpersano.supertoasts.library.Style.TYPE_BUTTON, com.github.johnpersano.supertoasts.library.Style.TYPE_PROGRESS_CIRCLE, com.github.johnpersano.supertoasts.library.Style.TYPE_PROGRESS_BAR}" />
    </annotation>
  </item>
  <item name="com.github.johnpersano.supertoasts.library.SuperActivityToast SuperActivityToast(android.content.Context, int) 1">
    <annotation name="android.support.annotation.IntDef">
      <val name="value" val="{com.github.johnpersano.supertoasts.library.Style.TYPE_STANDARD, com.github.johnpersano.supertoasts.library.Style.TYPE_BUTTON, com.github.johnpersano.supertoasts.library.Style.TYPE_PROGRESS_CIRCLE, com.github.johnpersano.supertoasts.library.Style.TYPE_PROGRESS_BAR}" />
    </annotation>
  </item>
  <item name="com.github.johnpersano.supertoasts.library.SuperActivityToast android.view.View onCreateView(android.content.Context, android.view.LayoutInflater, int) 2">
    <annotation name="android.support.annotation.IntDef">
      <val name="value" val="{com.github.johnpersano.supertoasts.library.Style.TYPE_STANDARD, com.github.johnpersano.supertoasts.library.Style.TYPE_BUTTON, com.github.johnpersano.supertoasts.library.Style.TYPE_PROGRESS_CIRCLE, com.github.johnpersano.supertoasts.library.Style.TYPE_PROGRESS_BAR}" />
    </annotation>
  </item>
  <item name="com.github.johnpersano.supertoasts.library.SuperActivityToast com.github.johnpersano.supertoasts.library.SuperActivityToast create(android.content.Context, com.github.johnpersano.supertoasts.library.Style, int) 2">
    <annotation name="android.support.annotation.IntDef">
      <val name="value" val="{com.github.johnpersano.supertoasts.library.Style.TYPE_STANDARD, com.github.johnpersano.supertoasts.library.Style.TYPE_BUTTON, com.github.johnpersano.supertoasts.library.Style.TYPE_PROGRESS_CIRCLE, com.github.johnpersano.supertoasts.library.Style.TYPE_PROGRESS_BAR}" />
    </annotation>
  </item>
  <item name="com.github.johnpersano.supertoasts.library.SuperActivityToast com.github.johnpersano.supertoasts.library.SuperActivityToast create(android.content.Context, com.github.johnpersano.supertoasts.library.Style, int, int) 2">
    <annotation name="android.support.annotation.IntDef">
      <val name="value" val="{com.github.johnpersano.supertoasts.library.Style.TYPE_STANDARD, com.github.johnpersano.supertoasts.library.Style.TYPE_BUTTON, com.github.johnpersano.supertoasts.library.Style.TYPE_PROGRESS_CIRCLE, com.github.johnpersano.supertoasts.library.Style.TYPE_PROGRESS_BAR}" />
    </annotation>
  </item>
  <item name="com.github.johnpersano.supertoasts.library.SuperActivityToast com.github.johnpersano.supertoasts.library.SuperActivityToast create(android.content.Context, int) 1">
    <annotation name="android.support.annotation.IntDef">
      <val name="value" val="{com.github.johnpersano.supertoasts.library.Style.TYPE_STANDARD, com.github.johnpersano.supertoasts.library.Style.TYPE_BUTTON, com.github.johnpersano.supertoasts.library.Style.TYPE_PROGRESS_CIRCLE, com.github.johnpersano.supertoasts.library.Style.TYPE_PROGRESS_BAR}" />
    </annotation>
  </item>
  <item name="com.github.johnpersano.supertoasts.library.SuperActivityToast com.github.johnpersano.supertoasts.library.SuperActivityToast create(android.content.Context, java.lang.String, int) 2">
    <annotation name="android.support.annotation.IntDef">
      <val name="value" val="{com.github.johnpersano.supertoasts.library.Style.DURATION_VERY_SHORT, com.github.johnpersano.supertoasts.library.Style.DURATION_SHORT, com.github.johnpersano.supertoasts.library.Style.DURATION_MEDIUM, com.github.johnpersano.supertoasts.library.Style.DURATION_LONG, com.github.johnpersano.supertoasts.library.Style.DURATION_VERY_LONG}" />
    </annotation>
  </item>
  <item name="com.github.johnpersano.supertoasts.library.SuperActivityToast com.github.johnpersano.supertoasts.library.SuperActivityToast create(android.content.Context, java.lang.String, int, com.github.johnpersano.supertoasts.library.Style) 2">
    <annotation name="android.support.annotation.IntDef">
      <val name="value" val="{com.github.johnpersano.supertoasts.library.Style.DURATION_VERY_SHORT, com.github.johnpersano.supertoasts.library.Style.DURATION_SHORT, com.github.johnpersano.supertoasts.library.Style.DURATION_MEDIUM, com.github.johnpersano.supertoasts.library.Style.DURATION_LONG, com.github.johnpersano.supertoasts.library.Style.DURATION_VERY_LONG}" />
    </annotation>
  </item>
  <item name="com.github.johnpersano.supertoasts.library.SuperActivityToast com.github.johnpersano.supertoasts.library.SuperActivityToast create(android.content.Context, java.lang.String, int, com.github.johnpersano.supertoasts.library.Style, int) 2">
    <annotation name="android.support.annotation.IntDef">
      <val name="value" val="{com.github.johnpersano.supertoasts.library.Style.DURATION_VERY_SHORT, com.github.johnpersano.supertoasts.library.Style.DURATION_SHORT, com.github.johnpersano.supertoasts.library.Style.DURATION_MEDIUM, com.github.johnpersano.supertoasts.library.Style.DURATION_LONG, com.github.johnpersano.supertoasts.library.Style.DURATION_VERY_LONG}" />
    </annotation>
  </item>
  <item name="com.github.johnpersano.supertoasts.library.SuperActivityToast com.github.johnpersano.supertoasts.library.SuperActivityToast setButtonTextSize(int) 0">
    <annotation name="android.support.annotation.IntDef">
      <val name="value" val="{com.github.johnpersano.supertoasts.library.Style.TEXTSIZE_VERY_SMALL, com.github.johnpersano.supertoasts.library.Style.TEXTSIZE_SMALL, com.github.johnpersano.supertoasts.library.Style.TEXTSIZE_MEDIUM, com.github.johnpersano.supertoasts.library.Style.TEXTSIZE_LARGE, com.github.johnpersano.supertoasts.library.Style.TEXTSIZE_VERY_LARGE}" />
    </annotation>
  </item>
  <item name="com.github.johnpersano.supertoasts.library.SuperActivityToast com.github.johnpersano.supertoasts.library.SuperActivityToast setButtonTypefaceStyle(int) 0">
    <annotation name="android.support.annotation.IntDef">
      <val name="value" val="{android.graphics.Typeface.BOLD, android.graphics.Typeface.BOLD_ITALIC, android.graphics.Typeface.ITALIC, android.graphics.Typeface.NORMAL}" />
    </annotation>
  </item>
  <item name="com.github.johnpersano.supertoasts.library.SuperActivityToast int getButtonTextSize()">
    <annotation name="android.support.annotation.IntDef">
      <val name="value" val="{com.github.johnpersano.supertoasts.library.Style.TEXTSIZE_VERY_SMALL, com.github.johnpersano.supertoasts.library.Style.TEXTSIZE_SMALL, com.github.johnpersano.supertoasts.library.Style.TEXTSIZE_MEDIUM, com.github.johnpersano.supertoasts.library.Style.TEXTSIZE_LARGE, com.github.johnpersano.supertoasts.library.Style.TEXTSIZE_VERY_LARGE}" />
    </annotation>
  </item>
  <item name="com.github.johnpersano.supertoasts.library.SuperActivityToast int getButtonTypefaceStyle()">
    <annotation name="android.support.annotation.IntDef">
      <val name="value" val="{android.graphics.Typeface.BOLD, android.graphics.Typeface.BOLD_ITALIC, android.graphics.Typeface.ITALIC, android.graphics.Typeface.NORMAL}" />
    </annotation>
  </item>
  <item name="com.github.johnpersano.supertoasts.library.SuperActivityToast int getType()">
    <annotation name="android.support.annotation.IntDef">
      <val name="value" val="{com.github.johnpersano.supertoasts.library.Style.TYPE_STANDARD, com.github.johnpersano.supertoasts.library.Style.TYPE_BUTTON, com.github.johnpersano.supertoasts.library.Style.TYPE_PROGRESS_CIRCLE, com.github.johnpersano.supertoasts.library.Style.TYPE_PROGRESS_BAR}" />
    </annotation>
  </item>
  <item name="com.github.johnpersano.supertoasts.library.SuperToast SuperToast(android.content.Context, com.github.johnpersano.supertoasts.library.Style, int) 2">
    <annotation name="android.support.annotation.IntDef">
      <val name="value" val="{com.github.johnpersano.supertoasts.library.Style.TYPE_STANDARD, com.github.johnpersano.supertoasts.library.Style.TYPE_BUTTON, com.github.johnpersano.supertoasts.library.Style.TYPE_PROGRESS_CIRCLE, com.github.johnpersano.supertoasts.library.Style.TYPE_PROGRESS_BAR}" />
    </annotation>
  </item>
  <item name="com.github.johnpersano.supertoasts.library.SuperToast SuperToast(android.content.Context, com.github.johnpersano.supertoasts.library.Style, int, int) 2">
    <annotation name="android.support.annotation.IntDef">
      <val name="value" val="{com.github.johnpersano.supertoasts.library.Style.TYPE_STANDARD, com.github.johnpersano.supertoasts.library.Style.TYPE_BUTTON, com.github.johnpersano.supertoasts.library.Style.TYPE_PROGRESS_CIRCLE, com.github.johnpersano.supertoasts.library.Style.TYPE_PROGRESS_BAR}" />
    </annotation>
  </item>
  <item name="com.github.johnpersano.supertoasts.library.SuperToast SuperToast(android.content.Context, int) 1">
    <annotation name="android.support.annotation.IntDef">
      <val name="value" val="{com.github.johnpersano.supertoasts.library.Style.TYPE_STANDARD, com.github.johnpersano.supertoasts.library.Style.TYPE_BUTTON, com.github.johnpersano.supertoasts.library.Style.TYPE_PROGRESS_CIRCLE, com.github.johnpersano.supertoasts.library.Style.TYPE_PROGRESS_BAR}" />
    </annotation>
  </item>
  <item name="com.github.johnpersano.supertoasts.library.SuperToast com.github.johnpersano.supertoasts.library.SuperToast create(android.content.Context, java.lang.String, int) 2">
    <annotation name="android.support.annotation.IntDef">
      <val name="value" val="{com.github.johnpersano.supertoasts.library.Style.DURATION_VERY_SHORT, com.github.johnpersano.supertoasts.library.Style.DURATION_SHORT, com.github.johnpersano.supertoasts.library.Style.DURATION_MEDIUM, com.github.johnpersano.supertoasts.library.Style.DURATION_LONG, com.github.johnpersano.supertoasts.library.Style.DURATION_VERY_LONG}" />
    </annotation>
  </item>
  <item name="com.github.johnpersano.supertoasts.library.SuperToast com.github.johnpersano.supertoasts.library.SuperToast create(android.content.Context, java.lang.String, int, com.github.johnpersano.supertoasts.library.Style) 2">
    <annotation name="android.support.annotation.IntDef">
      <val name="value" val="{com.github.johnpersano.supertoasts.library.Style.DURATION_VERY_SHORT, com.github.johnpersano.supertoasts.library.Style.DURATION_SHORT, com.github.johnpersano.supertoasts.library.Style.DURATION_MEDIUM, com.github.johnpersano.supertoasts.library.Style.DURATION_LONG, com.github.johnpersano.supertoasts.library.Style.DURATION_VERY_LONG}" />
    </annotation>
  </item>
  <item name="com.github.johnpersano.supertoasts.library.SuperToast com.github.johnpersano.supertoasts.library.SuperToast setAnimations(int) 0">
    <annotation name="android.support.annotation.IntDef">
      <val name="value" val="{com.github.johnpersano.supertoasts.library.Style.ANIMATIONS_FADE, com.github.johnpersano.supertoasts.library.Style.ANIMATIONS_FLY, com.github.johnpersano.supertoasts.library.Style.ANIMATIONS_SCALE, com.github.johnpersano.supertoasts.library.Style.ANIMATIONS_POP}" />
    </annotation>
  </item>
  <item name="com.github.johnpersano.supertoasts.library.SuperToast com.github.johnpersano.supertoasts.library.SuperToast setDuration(int) 0">
    <annotation name="android.support.annotation.IntDef">
      <val name="value" val="{com.github.johnpersano.supertoasts.library.Style.DURATION_VERY_SHORT, com.github.johnpersano.supertoasts.library.Style.DURATION_SHORT, com.github.johnpersano.supertoasts.library.Style.DURATION_MEDIUM, com.github.johnpersano.supertoasts.library.Style.DURATION_LONG, com.github.johnpersano.supertoasts.library.Style.DURATION_VERY_LONG}" />
    </annotation>
  </item>
  <item name="com.github.johnpersano.supertoasts.library.SuperToast com.github.johnpersano.supertoasts.library.SuperToast setFrame(int) 0">
    <annotation name="android.support.annotation.IntDef">
      <val name="value" val="{com.github.johnpersano.supertoasts.library.Style.FRAME_STANDARD, com.github.johnpersano.supertoasts.library.Style.FRAME_KITKAT, com.github.johnpersano.supertoasts.library.Style.FRAME_LOLLIPOP}" />
    </annotation>
  </item>
  <item name="com.github.johnpersano.supertoasts.library.SuperToast com.github.johnpersano.supertoasts.library.SuperToast setGravity(int) 0">
    <annotation name="android.support.annotation.IntDef">
      <val name="value" val="{android.view.Gravity.BOTTOM, android.view.Gravity.CENTER, android.view.Gravity.CENTER_HORIZONTAL, android.view.Gravity.CENTER_VERTICAL, android.view.Gravity.END, android.view.Gravity.LEFT, android.view.Gravity.NO_GRAVITY, android.view.Gravity.RIGHT, android.view.Gravity.START, android.view.Gravity.TOP}" />
    </annotation>
  </item>
  <item name="com.github.johnpersano.supertoasts.library.SuperToast com.github.johnpersano.supertoasts.library.SuperToast setGravity(int, int, int) 0">
    <annotation name="android.support.annotation.IntDef">
      <val name="value" val="{android.view.Gravity.BOTTOM, android.view.Gravity.CENTER, android.view.Gravity.CENTER_HORIZONTAL, android.view.Gravity.CENTER_VERTICAL, android.view.Gravity.END, android.view.Gravity.LEFT, android.view.Gravity.NO_GRAVITY, android.view.Gravity.RIGHT, android.view.Gravity.START, android.view.Gravity.TOP}" />
    </annotation>
  </item>
  <item name="com.github.johnpersano.supertoasts.library.SuperToast com.github.johnpersano.supertoasts.library.SuperToast setIconPosition(int) 0">
    <annotation name="android.support.annotation.IntDef">
      <val name="value" val="{com.github.johnpersano.supertoasts.library.Style.ICONPOSITION_LEFT, com.github.johnpersano.supertoasts.library.Style.ICONPOSITION_RIGHT, com.github.johnpersano.supertoasts.library.Style.ICONPOSITION_BOTTOM, com.github.johnpersano.supertoasts.library.Style.ICONPOSITION_TOP}" />
    </annotation>
  </item>
  <item name="com.github.johnpersano.supertoasts.library.SuperToast com.github.johnpersano.supertoasts.library.SuperToast setIconResource(int, int) 0">
    <annotation name="android.support.annotation.IntDef">
      <val name="value" val="{com.github.johnpersano.supertoasts.library.Style.ICONPOSITION_LEFT, com.github.johnpersano.supertoasts.library.Style.ICONPOSITION_RIGHT, com.github.johnpersano.supertoasts.library.Style.ICONPOSITION_BOTTOM, com.github.johnpersano.supertoasts.library.Style.ICONPOSITION_TOP}" />
    </annotation>
  </item>
  <item name="com.github.johnpersano.supertoasts.library.SuperToast com.github.johnpersano.supertoasts.library.SuperToast setPriorityLevel(int) 0">
    <annotation name="android.support.annotation.IntDef">
      <val name="flag" val="true" />
      <val name="value" val="{com.github.johnpersano.supertoasts.library.Style.PRIORITY_HIGH, com.github.johnpersano.supertoasts.library.Style.PRIORITY_MEDIUM, com.github.johnpersano.supertoasts.library.Style.PRIORITY_LOW}" />
    </annotation>
  </item>
  <item name="com.github.johnpersano.supertoasts.library.SuperToast com.github.johnpersano.supertoasts.library.SuperToast setTextSize(int) 0">
    <annotation name="android.support.annotation.IntDef">
      <val name="value" val="{com.github.johnpersano.supertoasts.library.Style.TEXTSIZE_VERY_SMALL, com.github.johnpersano.supertoasts.library.Style.TEXTSIZE_SMALL, com.github.johnpersano.supertoasts.library.Style.TEXTSIZE_MEDIUM, com.github.johnpersano.supertoasts.library.Style.TEXTSIZE_LARGE, com.github.johnpersano.supertoasts.library.Style.TEXTSIZE_VERY_LARGE}" />
    </annotation>
  </item>
  <item name="com.github.johnpersano.supertoasts.library.SuperToast com.github.johnpersano.supertoasts.library.SuperToast setTypefaceStyle(int) 0">
    <annotation name="android.support.annotation.IntDef">
      <val name="value" val="{android.graphics.Typeface.BOLD, android.graphics.Typeface.BOLD_ITALIC, android.graphics.Typeface.ITALIC, android.graphics.Typeface.NORMAL}" />
    </annotation>
  </item>
  <item name="com.github.johnpersano.supertoasts.library.SuperToast int getDuration()">
    <annotation name="android.support.annotation.IntDef">
      <val name="value" val="{com.github.johnpersano.supertoasts.library.Style.DURATION_VERY_SHORT, com.github.johnpersano.supertoasts.library.Style.DURATION_SHORT, com.github.johnpersano.supertoasts.library.Style.DURATION_MEDIUM, com.github.johnpersano.supertoasts.library.Style.DURATION_LONG, com.github.johnpersano.supertoasts.library.Style.DURATION_VERY_LONG}" />
    </annotation>
  </item>
  <item name="com.github.johnpersano.supertoasts.library.SuperToast int getFrame()">
    <annotation name="android.support.annotation.IntDef">
      <val name="value" val="{com.github.johnpersano.supertoasts.library.Style.FRAME_STANDARD, com.github.johnpersano.supertoasts.library.Style.FRAME_KITKAT, com.github.johnpersano.supertoasts.library.Style.FRAME_LOLLIPOP}" />
    </annotation>
  </item>
  <item name="com.github.johnpersano.supertoasts.library.SuperToast int getGravity()">
    <annotation name="android.support.annotation.IntDef">
      <val name="value" val="{android.view.Gravity.BOTTOM, android.view.Gravity.CENTER, android.view.Gravity.CENTER_HORIZONTAL, android.view.Gravity.CENTER_VERTICAL, android.view.Gravity.END, android.view.Gravity.LEFT, android.view.Gravity.NO_GRAVITY, android.view.Gravity.RIGHT, android.view.Gravity.START, android.view.Gravity.TOP}" />
    </annotation>
  </item>
  <item name="com.github.johnpersano.supertoasts.library.SuperToast int getIconPosition()">
    <annotation name="android.support.annotation.IntDef">
      <val name="value" val="{com.github.johnpersano.supertoasts.library.Style.ICONPOSITION_LEFT, com.github.johnpersano.supertoasts.library.Style.ICONPOSITION_RIGHT, com.github.johnpersano.supertoasts.library.Style.ICONPOSITION_BOTTOM, com.github.johnpersano.supertoasts.library.Style.ICONPOSITION_TOP}" />
    </annotation>
  </item>
  <item name="com.github.johnpersano.supertoasts.library.SuperToast int getPriorityLevel()">
    <annotation name="android.support.annotation.IntDef">
      <val name="flag" val="true" />
      <val name="value" val="{com.github.johnpersano.supertoasts.library.Style.PRIORITY_HIGH, com.github.johnpersano.supertoasts.library.Style.PRIORITY_MEDIUM, com.github.johnpersano.supertoasts.library.Style.PRIORITY_LOW}" />
    </annotation>
  </item>
  <item name="com.github.johnpersano.supertoasts.library.SuperToast int getTextSize()">
    <annotation name="android.support.annotation.IntDef">
      <val name="value" val="{com.github.johnpersano.supertoasts.library.Style.TEXTSIZE_VERY_SMALL, com.github.johnpersano.supertoasts.library.Style.TEXTSIZE_SMALL, com.github.johnpersano.supertoasts.library.Style.TEXTSIZE_MEDIUM, com.github.johnpersano.supertoasts.library.Style.TEXTSIZE_LARGE, com.github.johnpersano.supertoasts.library.Style.TEXTSIZE_VERY_LARGE}" />
    </annotation>
  </item>
  <item name="com.github.johnpersano.supertoasts.library.SuperToast int getTypefaceStyle()">
    <annotation name="android.support.annotation.IntDef">
      <val name="value" val="{android.graphics.Typeface.BOLD, android.graphics.Typeface.BOLD_ITALIC, android.graphics.Typeface.ITALIC, android.graphics.Typeface.NORMAL}" />
    </annotation>
  </item>
</root>

